date,actual_orders
2025-01-01,117
2025-01-02,121
2025-01-03,89
2025-01-04,71
2025-01-05,44
2025-01-06,133
2025-01-07,126
2025-01-08,108
2025-01-09,112
2025-01-10,117
2025-01-11,72
2025-01-12,61
2025-01-13,135
2025-01-14,109
2025-01-15,105
2025-01-16,111
2025-01-17,90
2025-01-18,57
2025-01-19,55
2025-01-20,146
2025-01-21,135
2025-01-22,107
2025-01-23,116
2025-01-24,96
2025-01-25,73
2025-01-26,59
2025-01-27,140
2025-01-28,110
2025-01-29,117
2025-01-30,114
2025-01-31,111
2025-02-01,70
2025-02-02,50
2025-02-03,154
2025-02-04,102
2025-02-05,105
2025-02-06,116
2025-02-07,112
2025-02-08,77
2025-02-09,61
2025-02-10,130
2025-02-11,113
2025-02-12,112
2025-02-13,109
2025-02-14,103
2025-02-15,81
2025-02-16,64
2025-02-17,143
2025-02-18,109
2025-02-19,111
2025-02-20,110
2025-02-21,99
2025-02-22,74
2025-02-23,56
2025-02-24,144
2025-02-25,108
2025-02-26,90
2025-02-27,111
2025-02-28,95
2025-03-01,70
2025-03-02,61
2025-03-03,177
2025-03-04,135
2025-03-05,115
2025-03-06,135
2025-03-07,110
2025-03-08,65
2025-03-09,58
2025-03-10,129
2025-03-11,110
2025-03-12,111
2025-03-13,125
2025-03-14,103
2025-03-15,73
2025-03-16,68
2025-03-17,140
2025-03-18,124
2025-03-19,105
2025-03-20,134
2025-03-21,111
2025-03-22,79
2025-03-23,56
2025-03-24,157
2025-03-25,154
2025-03-26,105
2025-03-27,105
2025-03-28,114
2025-03-29,63
2025-03-30,59
2025-03-31,132
2025-04-01,114
2025-04-02,127
2025-04-03,110
2025-04-04,122
2025-04-05,62
2025-04-06,71
2025-04-07,140
2025-04-08,124
2025-04-09,124
2025-04-10,107
2025-04-11,136
2025-04-12,72
2025-04-13,54
2025-04-14,152
2025-04-15,136
2025-04-16,117
2025-04-17,127
2025-04-18,113
2025-04-19,66
2025-04-20,69
2025-04-21,129
2025-04-22,120
2025-04-23,115
2025-04-24,140
2025-04-25,108
2025-04-26,61
2025-04-27,44
2025-04-28,128
2025-04-29,141
2025-04-30,116
2025-05-01,134
2025-05-02,92
2025-05-03,66
2025-05-04,64
2025-05-05,125
2025-05-06,137
2025-05-07,137
2025-05-08,144
2025-05-09,127
2025-05-10,83
2025-05-11,63
2025-05-12,173
2025-05-13,132
2025-05-14,117
2025-05-15,122
2025-05-16,111
2025-05-17,70
2025-05-18,60
2025-05-19,177
2025-05-20,131
2025-05-21,138
2025-05-22,136
2025-05-23,123
2025-05-24,83
2025-05-25,68
2025-05-26,138
2025-05-27,122
2025-05-28,105
2025-05-29,137
2025-05-30,129
2025-05-31,96
2025-06-01,65
2025-06-02,165
2025-06-03,141
2025-06-04,126
2025-06-05,137
2025-06-06,120
2025-06-07,94
2025-06-08,52
2025-06-09,163
2025-06-10,151
2025-06-11,122
2025-06-12,135
2025-06-13,119
2025-06-14,68
2025-06-15,80
2025-06-16,156
2025-06-17,143
2025-06-18,140
2025-06-19,113
2025-06-20,127
2025-06-21,81
2025-06-22,74
2025-06-23,161
2025-06-24,136
2025-06-25,141
2025-06-26,124
2025-06-27,128
2025-06-28,68
2025-06-29,58
2025-06-30,168
2025-07-01,148
2025-07-02,122
2025-07-03,152
2025-07-04,131
2025-07-05,56
2025-07-06,55
2025-07-07,172
2025-07-08,158
2025-07-09,137
2025-07-10,124
2025-07-11,101
2025-07-12,84
2025-07-13,53
2025-07-14,176
2025-07-15,149
2025-07-16,156
2025-07-17,135
2025-07-18,130
2025-07-19,69
2025-07-20,63
2025-07-21,149
2025-07-22,137
2025-07-23,130
2025-07-24,139
2025-07-25,125
2025-07-26,83
2025-07-27,65
2025-07-28,170
2025-07-29,151
2025-07-30,139
2025-07-31,143
2025-08-01,124
2025-08-02,77
2025-08-03,80
2025-08-04,169
2025-08-05,140
2025-08-06,134
2025-08-07,115
2025-08-08,104
2025-08-09,77
2025-08-10,63
2025-08-11,184
2025-08-12,134
2025-08-13,119
2025-08-14,146
2025-08-15,137
2025-08-16,77
2025-08-17,69
2025-08-18,154
2025-08-19,135
2025-08-20,133
2025-08-21,144
2025-08-22,127
2025-08-23,61
2025-08-24,61
2025-08-25,175
2025-08-26,128
2025-08-27,152
2025-08-28,144
2025-08-29,139
2025-08-30,80
2025-08-31,63
2025-09-01,170
2025-09-02,166
2025-09-03,156
2025-09-04,152
2025-09-05,132
2025-09-06,70
2025-09-07,84
2025-09-08,160
2025-09-09,142
2025-09-10,160
2025-09-11,131
2025-09-12,139
2025-09-13,84
2025-09-14,81
2025-09-15,189
2025-09-16,162
2025-09-17,143
2025-09-18,133
2025-09-19,141
2025-09-20,72
2025-09-21,78
2025-09-22,188
2025-09-23,157
2025-09-24,161
2025-09-25,115
2025-09-26,139
2025-09-27,93
2025-09-28,76
2025-09-29,146
2025-09-30,158
2025-10-01,146
2025-10-02,139
2025-10-03,142
2025-10-04,94
2025-10-05,81
2025-10-06,178
2025-10-07,147
2025-10-08,131
2025-10-09,137
2025-10-10,127
2025-10-11,75
2025-10-12,74
2025-10-13,201
2025-10-14,142
2025-10-15,122
2025-10-16,149
2025-10-17,135
2025-10-18,94
2025-10-19,66
2025-10-20,170
2025-10-21,178
2025-10-22,154
2025-10-23,150
2025-10-24,128
2025-10-25,80
2025-10-26,79
2025-10-27,180
2025-10-28,172
2025-10-29,145
2025-10-30,145
2025-10-31,120
2025-11-01,80
2025-11-02,72
2025-11-03,175
2025-11-04,140
2025-11-05,119
2025-11-06,134
2025-11-07,136
2025-11-08,100
2025-11-09,74
2025-11-10,175
2025-11-11,174
2025-11-12,137
2025-11-13,137
2025-11-14,147
2025-11-15,82
2025-11-16,52
2025-11-17,189
2025-11-18,133
2025-11-19,168
2025-11-20,133
2025-11-21,123
2025-11-22,80
2025-11-23,77
2025-11-24,188
2025-11-25,174
2025-11-26,138
2025-11-27,146
2025-11-28,153
2025-11-29,99
2025-11-30,67
2025-12-01,179
2025-12-02,173
2025-12-03,156
2025-12-04,164
2025-12-05,127
2025-12-06,93
2025-12-07,64
2025-12-08,206
2025-12-09,167
2025-12-10,124
2025-12-11,142
2025-12-12,156
2025-12-13,94
2025-12-14,85
2025-12-15,189
2025-12-16,162
2025-12-17,160
2025-12-18,147
2025-12-19,143
2025-12-20,85
2025-12-21,66
2025-12-22,176
2025-12-23,177
2025-12-24,148
2025-12-25,161
2025-12-26,153
2025-12-27,77
2025-12-28,88
2025-12-29,170
2025-12-30,177
2025-12-31,159
2026-01-01,150
2026-01-02,149
2026-01-03,89
2026-01-04,92
2026-01-05,177
2026-01-06,166
2026-01-07,138
2026-01-08,147
2026-01-09,136
2026-01-10,100
2026-01-11,71
2026-01-12,179
2026-01-13,168
2026-01-14,124
2026-01-15,154
2026-01-16,135
2026-01-17,100
2026-01-18,62
2026-01-19,186
2026-01-20,145
2026-01-21,159
2026-01-22,140
2026-01-23,132
2026-01-24,94
2026-01-25,70
2026-01-26,189
2026-01-27,182
2026-01-28,180
2026-01-29,175
2026-01-30,140
2026-01-31,84
2026-02-01,75
2026-02-02,205
2026-02-03,184
2026-02-04,158
2026-02-05,146
2026-02-06,156
2026-02-07,94
2026-02-08,79
2026-02-09,175
2026-02-10,204
2026-02-11,185
2026-02-12,158
2026-02-13,142
2026-02-14,82
2026-02-15,75
2026-02-16,193
2026-02-17,177
2026-02-18,168
2026-02-19,140
2026-02-20,143
2026-02-21,90
2026-02-22,83
2026-02-23,210
2026-02-24,199
2026-02-25,165
2026-02-26,135
2026-02-27,136
2026-02-28,100
2026-03-01,96
2026-03-02,208
2026-03-03,182
2026-03-04,159
2026-03-05,153
2026-03-06,160
2026-03-07,70
2026-03-08,94
2026-03-09,206
2026-03-10,205
2026-03-11,168
2026-03-12,163
2026-03-13,154
2026-03-14,95
2026-03-15,76
2026-03-16,199
2026-03-17,155
2026-03-18,167
2026-03-19,148
2026-03-20,167
2026-03-21,100
2026-03-22,75
2026-03-23,193
2026-03-24,202
2026-03-25,162
2026-03-26,191
2026-03-27,143
2026-03-28,95
2026-03-29,92
2026-03-30,201
2026-03-31,196
2026-04-01,162
2026-04-02,167
2026-04-03,145
2026-04-04,116
2026-04-05,89
2026-04-06,203
2026-04-07,167
2026-04-08,154
2026-04-09,169
2026-04-10,144
2026-04-11,111
2026-04-12,69
2026-04-13,187
2026-04-14,163
2026-04-15,169
2026-04-16,147
2026-04-17,146
2026-04-18,104
2026-04-19,90
2026-04-20,201
2026-04-21,179
2026-04-22,145
2026-04-23,163
2026-04-24,127
2026-04-25,95
2026-04-26,94
2026-04-27,205
2026-04-28,190
2026-04-29,167
2026-04-30,151
2026-05-01,140
2026-05-02,99
2026-05-03,63
2026-05-04,208
2026-05-05,199
2026-05-06,152
2026-05-07,181
2026-05-08,173
2026-05-09,95
2026-05-10,77
2026-05-11,208
2026-05-12,185
2026-05-13,154
2026-05-14,177
2026-05-15,137
2026-05-16,91
2026-05-17,73
2026-05-18,208
2026-05-19,200
2026-05-20,156
2026-05-21,158
2026-05-22,162
2026-05-23,111
2026-05-24,86
2026-05-25,201
2026-05-26,199
2026-05-27,170
2026-05-28,159
2026-05-29,155
2026-05-30,107
2026-05-31,98
2026-06-01,198
2026-06-02,187
2026-06-03,195
2026-06-04,156
2026-06-05,148
2026-06-06,92
2026-06-07,74
2026-06-08,195
2026-06-09,206
2026-06-10,164
2026-06-11,167
2026-06-12,167
2026-06-13,87
2026-06-14,74
2026-06-15,196
2026-06-16,199
2026-06-17,141
2026-06-18,165
2026-06-19,168
2026-06-20,104
2026-06-21,82
2026-06-22,198
2026-06-23,177
2026-06-24,191
2026-06-25,167
2026-06-26,164
2026-06-27,101
2026-06-28,84
2026-06-29,214
2026-06-30,194
