date,forecast_orders,lower_95,upper_95,agents_needed,agents_needed_peak,weekday
2026-07-01,174.0,144.0,211.0,12,14,Wednesday
2026-07-02,176.0,145.0,213.0,12,14,Thursday
2026-07-03,163.0,135.0,198.0,11,13,Friday
2026-07-04,104.0,86.0,126.0,7,9,Saturday
2026-07-05,87.0,72.0,106.0,6,7,Sunday
2026-07-06,217.0,179.0,263.0,15,18,Monday
2026-07-07,193.0,159.0,234.0,13,16,Tuesday
2026-07-08,175.0,145.0,212.0,12,14,Wednesday
2026-07-09,177.0,146.0,214.0,12,14,Thursday
2026-07-10,164.0,136.0,199.0,11,14,Friday
2026-07-11,104.0,86.0,127.0,7,9,Saturday
2026-07-12,88.0,73.0,107.0,6,7,Sunday
2026-07-13,218.0,180.0,264.0,15,18,Monday
2026-07-14,194.0,160.0,235.0,13,16,Tuesday
