date,center,agents_scheduled
2025-01-01,Mumbai,2
2025-01-01,Pune,2
2025-01-01,Delhi,2
2025-01-01,Bengaluru,2
2025-01-02,Mumbai,2
2025-01-02,Pune,3
2025-01-02,Delhi,2
2025-01-02,Bengaluru,2
2025-01-03,Mumbai,2
2025-01-03,Pune,2
2025-01-03,Delhi,2
2025-01-03,Bengaluru,2
2025-01-04,Mumbai,2
2025-01-04,Pune,2
2025-01-04,Delhi,2
2025-01-04,Bengaluru,2
2025-01-05,Mumbai,2
2025-01-05,Pune,2
2025-01-05,Delhi,2
2025-01-05,Bengaluru,2
2025-01-06,Mumbai,2
2025-01-06,Pune,2
2025-01-06,Delhi,2
2025-01-06,Bengaluru,2
2025-01-07,Mumbai,2
2025-01-07,Pune,2
2025-01-07,Delhi,2
2025-01-07,Bengaluru,2
2025-01-08,Mumbai,3
2025-01-08,Pune,2
2025-01-08,Delhi,2
2025-01-08,Bengaluru,2
2025-01-09,Mumbai,2
2025-01-09,Pune,2
2025-01-09,Delhi,2
2025-01-09,Bengaluru,2
2025-01-10,Mumbai,2
2025-01-10,Pune,2
2025-01-10,Delhi,2
2025-01-10,Bengaluru,2
2025-01-11,Mumbai,2
2025-01-11,Pune,2
2025-01-11,Delhi,2
2025-01-11,Bengaluru,2
2025-01-12,Mumbai,2
2025-01-12,Pune,2
2025-01-12,Delhi,2
2025-01-12,Bengaluru,2
2025-01-13,Mumbai,2
2025-01-13,Pune,2
2025-01-13,Delhi,2
2025-01-13,Bengaluru,2
2025-01-14,Mumbai,2
2025-01-14,Pune,2
2025-01-14,Delhi,2
2025-01-14,Bengaluru,2
2025-01-15,Mumbai,2
2025-01-15,Pune,2
2025-01-15,Delhi,3
2025-01-15,Bengaluru,2
2025-01-16,Mumbai,2
2025-01-16,Pune,2
2025-01-16,Delhi,2
2025-01-16,Bengaluru,2
2025-01-17,Mumbai,2
2025-01-17,Pune,2
2025-01-17,Delhi,2
2025-01-17,Bengaluru,2
2025-01-18,Mumbai,2
2025-01-18,Pune,2
2025-01-18,Delhi,2
2025-01-18,Bengaluru,2
2025-01-19,Mumbai,2
2025-01-19,Pune,2
2025-01-19,Delhi,2
2025-01-19,Bengaluru,2
2025-01-20,Mumbai,2
2025-01-20,Pune,2
2025-01-20,Delhi,2
2025-01-20,Bengaluru,2
2025-01-21,Mumbai,2
2025-01-21,Pune,2
2025-01-21,Delhi,3
2025-01-21,Bengaluru,2
2025-01-22,Mumbai,2
2025-01-22,Pune,2
2025-01-22,Delhi,2
2025-01-22,Bengaluru,2
2025-01-23,Mumbai,3
2025-01-23,Pune,2
2025-01-23,Delhi,2
2025-01-23,Bengaluru,2
2025-01-24,Mumbai,3
2025-01-24,Pune,2
2025-01-24,Delhi,2
2025-01-24,Bengaluru,2
2025-01-25,Mumbai,2
2025-01-25,Pune,2
2025-01-25,Delhi,2
2025-01-25,Bengaluru,2
2025-01-26,Mumbai,2
2025-01-26,Pune,2
2025-01-26,Delhi,2
2025-01-26,Bengaluru,2
2025-01-27,Mumbai,2
2025-01-27,Pune,2
2025-01-27,Delhi,2
2025-01-27,Bengaluru,2
2025-01-28,Mumbai,2
2025-01-28,Pune,2
2025-01-28,Delhi,2
2025-01-28,Bengaluru,2
2025-01-29,Mumbai,4
2025-01-29,Pune,2
2025-01-29,Delhi,2
2025-01-29,Bengaluru,2
2025-01-30,Mumbai,2
2025-01-30,Pune,2
2025-01-30,Delhi,2
2025-01-30,Bengaluru,2
2025-01-31,Mumbai,2
2025-01-31,Pune,2
2025-01-31,Delhi,2
2025-01-31,Bengaluru,2
2025-02-01,Mumbai,2
2025-02-01,Pune,2
2025-02-01,Delhi,2
2025-02-01,Bengaluru,2
2025-02-02,Mumbai,2
2025-02-02,Pune,2
2025-02-02,Delhi,2
2025-02-02,Bengaluru,2
2025-02-03,Mumbai,2
2025-02-03,Pune,2
2025-02-03,Delhi,2
2025-02-03,Bengaluru,2
2025-02-04,Mumbai,3
2025-02-04,Pune,2
2025-02-04,Delhi,2
2025-02-04,Bengaluru,2
2025-02-05,Mumbai,3
2025-02-05,Pune,2
2025-02-05,Delhi,3
2025-02-05,Bengaluru,2
2025-02-06,Mumbai,2
2025-02-06,Pune,2
2025-02-06,Delhi,2
2025-02-06,Bengaluru,2
2025-02-07,Mumbai,2
2025-02-07,Pune,2
2025-02-07,Delhi,2
2025-02-07,Bengaluru,2
2025-02-08,Mumbai,2
2025-02-08,Pune,2
2025-02-08,Delhi,2
2025-02-08,Bengaluru,2
2025-02-09,Mumbai,2
2025-02-09,Pune,2
2025-02-09,Delhi,2
2025-02-09,Bengaluru,2
2025-02-10,Mumbai,3
2025-02-10,Pune,2
2025-02-10,Delhi,2
2025-02-10,Bengaluru,2
2025-02-11,Mumbai,2
2025-02-11,Pune,2
2025-02-11,Delhi,2
2025-02-11,Bengaluru,2
2025-02-12,Mumbai,2
2025-02-12,Pune,2
2025-02-12,Delhi,2
2025-02-12,Bengaluru,2
2025-02-13,Mumbai,2
2025-02-13,Pune,2
2025-02-13,Delhi,2
2025-02-13,Bengaluru,2
2025-02-14,Mumbai,2
2025-02-14,Pune,2
2025-02-14,Delhi,2
2025-02-14,Bengaluru,2
2025-02-15,Mumbai,2
2025-02-15,Pune,2
2025-02-15,Delhi,2
2025-02-15,Bengaluru,2
2025-02-16,Mumbai,2
2025-02-16,Pune,2
2025-02-16,Delhi,2
2025-02-16,Bengaluru,2
2025-02-17,Mumbai,3
2025-02-17,Pune,2
2025-02-17,Delhi,2
2025-02-17,Bengaluru,3
2025-02-18,Mumbai,2
2025-02-18,Pune,2
2025-02-18,Delhi,2
2025-02-18,Bengaluru,2
2025-02-19,Mumbai,2
2025-02-19,Pune,2
2025-02-19,Delhi,3
2025-02-19,Bengaluru,2
2025-02-20,Mumbai,2
2025-02-20,Pune,2
2025-02-20,Delhi,2
2025-02-20,Bengaluru,2
2025-02-21,Mumbai,2
2025-02-21,Pune,2
2025-02-21,Delhi,2
2025-02-21,Bengaluru,2
2025-02-22,Mumbai,2
2025-02-22,Pune,2
2025-02-22,Delhi,2
2025-02-22,Bengaluru,2
2025-02-23,Mumbai,2
2025-02-23,Pune,2
2025-02-23,Delhi,2
2025-02-23,Bengaluru,2
2025-02-24,Mumbai,2
2025-02-24,Pune,2
2025-02-24,Delhi,2
2025-02-24,Bengaluru,2
2025-02-25,Mumbai,2
2025-02-25,Pune,2
2025-02-25,Delhi,2
2025-02-25,Bengaluru,2
2025-02-26,Mumbai,2
2025-02-26,Pune,2
2025-02-26,Delhi,2
2025-02-26,Bengaluru,2
2025-02-27,Mumbai,3
2025-02-27,Pune,2
2025-02-27,Delhi,2
2025-02-27,Bengaluru,2
2025-02-28,Mumbai,2
2025-02-28,Pune,2
2025-02-28,Delhi,2
2025-02-28,Bengaluru,2
2025-03-01,Mumbai,2
2025-03-01,Pune,2
2025-03-01,Delhi,2
2025-03-01,Bengaluru,2
2025-03-02,Mumbai,2
2025-03-02,Pune,2
2025-03-02,Delhi,2
2025-03-02,Bengaluru,2
2025-03-03,Mumbai,4
2025-03-03,Pune,2
2025-03-03,Delhi,2
2025-03-03,Bengaluru,2
2025-03-04,Mumbai,2
2025-03-04,Pune,2
2025-03-04,Delhi,2
2025-03-04,Bengaluru,2
2025-03-05,Mumbai,2
2025-03-05,Pune,2
2025-03-05,Delhi,2
2025-03-05,Bengaluru,2
2025-03-06,Mumbai,2
2025-03-06,Pune,2
2025-03-06,Delhi,2
2025-03-06,Bengaluru,2
2025-03-07,Mumbai,2
2025-03-07,Pune,2
2025-03-07,Delhi,2
2025-03-07,Bengaluru,2
2025-03-08,Mumbai,2
2025-03-08,Pune,2
2025-03-08,Delhi,2
2025-03-08,Bengaluru,2
2025-03-09,Mumbai,2
2025-03-09,Pune,2
2025-03-09,Delhi,2
2025-03-09,Bengaluru,2
2025-03-10,Mumbai,2
2025-03-10,Pune,2
2025-03-10,Delhi,3
2025-03-10,Bengaluru,2
2025-03-11,Mumbai,2
2025-03-11,Pune,2
2025-03-11,Delhi,2
2025-03-11,Bengaluru,2
2025-03-12,Mumbai,2
2025-03-12,Pune,2
2025-03-12,Delhi,2
2025-03-12,Bengaluru,2
2025-03-13,Mumbai,2
2025-03-13,Pune,2
2025-03-13,Delhi,2
2025-03-13,Bengaluru,2
2025-03-14,Mumbai,2
2025-03-14,Pune,2
2025-03-14,Delhi,2
2025-03-14,Bengaluru,2
2025-03-15,Mumbai,2
2025-03-15,Pune,2
2025-03-15,Delhi,2
2025-03-15,Bengaluru,2
2025-03-16,Mumbai,2
2025-03-16,Pune,2
2025-03-16,Delhi,2
2025-03-16,Bengaluru,2
2025-03-17,Mumbai,3
2025-03-17,Pune,2
2025-03-17,Delhi,2
2025-03-17,Bengaluru,2
2025-03-18,Mumbai,2
2025-03-18,Pune,2
2025-03-18,Delhi,2
2025-03-18,Bengaluru,2
2025-03-19,Mumbai,2
2025-03-19,Pune,2
2025-03-19,Delhi,2
2025-03-19,Bengaluru,2
2025-03-20,Mumbai,2
2025-03-20,Pune,2
2025-03-20,Delhi,2
2025-03-20,Bengaluru,2
2025-03-21,Mumbai,3
2025-03-21,Pune,2
2025-03-21,Delhi,2
2025-03-21,Bengaluru,2
2025-03-22,Mumbai,2
2025-03-22,Pune,2
2025-03-22,Delhi,2
2025-03-22,Bengaluru,2
2025-03-23,Mumbai,2
2025-03-23,Pune,2
2025-03-23,Delhi,2
2025-03-23,Bengaluru,2
2025-03-24,Mumbai,3
2025-03-24,Pune,2
2025-03-24,Delhi,2
2025-03-24,Bengaluru,2
2025-03-25,Mumbai,3
2025-03-25,Pune,2
2025-03-25,Delhi,2
2025-03-25,Bengaluru,2
2025-03-26,Mumbai,2
2025-03-26,Pune,2
2025-03-26,Delhi,2
2025-03-26,Bengaluru,2
2025-03-27,Mumbai,3
2025-03-27,Pune,2
2025-03-27,Delhi,2
2025-03-27,Bengaluru,2
2025-03-28,Mumbai,2
2025-03-28,Pune,2
2025-03-28,Delhi,2
2025-03-28,Bengaluru,2
2025-03-29,Mumbai,2
2025-03-29,Pune,2
2025-03-29,Delhi,2
2025-03-29,Bengaluru,2
2025-03-30,Mumbai,2
2025-03-30,Pune,2
2025-03-30,Delhi,2
2025-03-30,Bengaluru,2
2025-03-31,Mumbai,3
2025-03-31,Pune,2
2025-03-31,Delhi,2
2025-03-31,Bengaluru,2
2025-04-01,Mumbai,2
2025-04-01,Pune,2
2025-04-01,Delhi,2
2025-04-01,Bengaluru,2
2025-04-02,Mumbai,2
2025-04-02,Pune,2
2025-04-02,Delhi,2
2025-04-02,Bengaluru,2
2025-04-03,Mumbai,2
2025-04-03,Pune,2
2025-04-03,Delhi,2
2025-04-03,Bengaluru,2
2025-04-04,Mumbai,2
2025-04-04,Pune,2
2025-04-04,Delhi,2
2025-04-04,Bengaluru,3
2025-04-05,Mumbai,3
2025-04-05,Pune,2
2025-04-05,Delhi,2
2025-04-05,Bengaluru,2
2025-04-06,Mumbai,2
2025-04-06,Pune,2
2025-04-06,Delhi,2
2025-04-06,Bengaluru,2
2025-04-07,Mumbai,2
2025-04-07,Pune,2
2025-04-07,Delhi,2
2025-04-07,Bengaluru,2
2025-04-08,Mumbai,2
2025-04-08,Pune,2
2025-04-08,Delhi,2
2025-04-08,Bengaluru,2
2025-04-09,Mumbai,2
2025-04-09,Pune,2
2025-04-09,Delhi,2
2025-04-09,Bengaluru,2
2025-04-10,Mumbai,2
2025-04-10,Pune,2
2025-04-10,Delhi,2
2025-04-10,Bengaluru,2
2025-04-11,Mumbai,2
2025-04-11,Pune,2
2025-04-11,Delhi,2
2025-04-11,Bengaluru,2
2025-04-12,Mumbai,2
2025-04-12,Pune,2
2025-04-12,Delhi,2
2025-04-12,Bengaluru,2
2025-04-13,Mumbai,2
2025-04-13,Pune,2
2025-04-13,Delhi,2
2025-04-13,Bengaluru,2
2025-04-14,Mumbai,4
2025-04-14,Pune,2
2025-04-14,Delhi,2
2025-04-14,Bengaluru,2
2025-04-15,Mumbai,3
2025-04-15,Pune,2
2025-04-15,Delhi,2
2025-04-15,Bengaluru,2
2025-04-16,Mumbai,2
2025-04-16,Pune,2
2025-04-16,Delhi,2
2025-04-16,Bengaluru,3
2025-04-17,Mumbai,2
2025-04-17,Pune,2
2025-04-17,Delhi,2
2025-04-17,Bengaluru,2
2025-04-18,Mumbai,2
2025-04-18,Pune,2
2025-04-18,Delhi,2
2025-04-18,Bengaluru,2
2025-04-19,Mumbai,2
2025-04-19,Pune,2
2025-04-19,Delhi,2
2025-04-19,Bengaluru,2
2025-04-20,Mumbai,2
2025-04-20,Pune,2
2025-04-20,Delhi,2
2025-04-20,Bengaluru,2
2025-04-21,Mumbai,4
2025-04-21,Pune,2
2025-04-21,Delhi,2
2025-04-21,Bengaluru,2
2025-04-22,Mumbai,2
2025-04-22,Pune,2
2025-04-22,Delhi,2
2025-04-22,Bengaluru,2
2025-04-23,Mumbai,3
2025-04-23,Pune,2
2025-04-23,Delhi,2
2025-04-23,Bengaluru,2
2025-04-24,Mumbai,2
2025-04-24,Pune,2
2025-04-24,Delhi,2
2025-04-24,Bengaluru,2
2025-04-25,Mumbai,2
2025-04-25,Pune,2
2025-04-25,Delhi,2
2025-04-25,Bengaluru,2
2025-04-26,Mumbai,2
2025-04-26,Pune,2
2025-04-26,Delhi,2
2025-04-26,Bengaluru,2
2025-04-27,Mumbai,2
2025-04-27,Pune,2
2025-04-27,Delhi,2
2025-04-27,Bengaluru,2
2025-04-28,Mumbai,2
2025-04-28,Pune,2
2025-04-28,Delhi,2
2025-04-28,Bengaluru,2
2025-04-29,Mumbai,2
2025-04-29,Pune,2
2025-04-29,Delhi,2
2025-04-29,Bengaluru,2
2025-04-30,Mumbai,2
2025-04-30,Pune,2
2025-04-30,Delhi,2
2025-04-30,Bengaluru,2
2025-05-01,Mumbai,2
2025-05-01,Pune,2
2025-05-01,Delhi,2
2025-05-01,Bengaluru,2
2025-05-02,Mumbai,2
2025-05-02,Pune,2
2025-05-02,Delhi,2
2025-05-02,Bengaluru,2
2025-05-03,Mumbai,2
2025-05-03,Pune,2
2025-05-03,Delhi,2
2025-05-03,Bengaluru,2
2025-05-04,Mumbai,2
2025-05-04,Pune,2
2025-05-04,Delhi,2
2025-05-04,Bengaluru,2
2025-05-05,Mumbai,2
2025-05-05,Pune,2
2025-05-05,Delhi,2
2025-05-05,Bengaluru,2
2025-05-06,Mumbai,2
2025-05-06,Pune,2
2025-05-06,Delhi,2
2025-05-06,Bengaluru,2
2025-05-07,Mumbai,2
2025-05-07,Pune,2
2025-05-07,Delhi,2
2025-05-07,Bengaluru,2
2025-05-08,Mumbai,2
2025-05-08,Pune,2
2025-05-08,Delhi,2
2025-05-08,Bengaluru,2
2025-05-09,Mumbai,2
2025-05-09,Pune,2
2025-05-09,Delhi,2
2025-05-09,Bengaluru,2
2025-05-10,Mumbai,2
2025-05-10,Pune,2
2025-05-10,Delhi,2
2025-05-10,Bengaluru,2
2025-05-11,Mumbai,2
2025-05-11,Pune,2
2025-05-11,Delhi,2
2025-05-11,Bengaluru,2
2025-05-12,Mumbai,2
2025-05-12,Pune,2
2025-05-12,Delhi,2
2025-05-12,Bengaluru,2
2025-05-13,Mumbai,3
2025-05-13,Pune,2
2025-05-13,Delhi,2
2025-05-13,Bengaluru,2
2025-05-14,Mumbai,2
2025-05-14,Pune,2
2025-05-14,Delhi,2
2025-05-14,Bengaluru,2
2025-05-15,Mumbai,2
2025-05-15,Pune,2
2025-05-15,Delhi,2
2025-05-15,Bengaluru,3
2025-05-16,Mumbai,3
2025-05-16,Pune,2
2025-05-16,Delhi,2
2025-05-16,Bengaluru,2
2025-05-17,Mumbai,2
2025-05-17,Pune,2
2025-05-17,Delhi,2
2025-05-17,Bengaluru,2
2025-05-18,Mumbai,2
2025-05-18,Pune,2
2025-05-18,Delhi,2
2025-05-18,Bengaluru,2
2025-05-19,Mumbai,2
2025-05-19,Pune,2
2025-05-19,Delhi,3
2025-05-19,Bengaluru,2
2025-05-20,Mumbai,2
2025-05-20,Pune,2
2025-05-20,Delhi,2
2025-05-20,Bengaluru,2
2025-05-21,Mumbai,3
2025-05-21,Pune,2
2025-05-21,Delhi,2
2025-05-21,Bengaluru,2
2025-05-22,Mumbai,2
2025-05-22,Pune,2
2025-05-22,Delhi,2
2025-05-22,Bengaluru,3
2025-05-23,Mumbai,2
2025-05-23,Pune,2
2025-05-23,Delhi,2
2025-05-23,Bengaluru,2
2025-05-24,Mumbai,2
2025-05-24,Pune,2
2025-05-24,Delhi,2
2025-05-24,Bengaluru,2
2025-05-25,Mumbai,2
2025-05-25,Pune,2
2025-05-25,Delhi,2
2025-05-25,Bengaluru,2
2025-05-26,Mumbai,4
2025-05-26,Pune,3
2025-05-26,Delhi,2
2025-05-26,Bengaluru,2
2025-05-27,Mumbai,2
2025-05-27,Pune,2
2025-05-27,Delhi,2
2025-05-27,Bengaluru,2
2025-05-28,Mumbai,2
2025-05-28,Pune,2
2025-05-28,Delhi,2
2025-05-28,Bengaluru,2
2025-05-29,Mumbai,2
2025-05-29,Pune,2
2025-05-29,Delhi,2
2025-05-29,Bengaluru,3
2025-05-30,Mumbai,3
2025-05-30,Pune,2
2025-05-30,Delhi,2
2025-05-30,Bengaluru,2
2025-05-31,Mumbai,2
2025-05-31,Pune,2
2025-05-31,Delhi,2
2025-05-31,Bengaluru,2
2025-06-01,Mumbai,2
2025-06-01,Pune,2
2025-06-01,Delhi,2
2025-06-01,Bengaluru,2
2025-06-02,Mumbai,3
2025-06-02,Pune,2
2025-06-02,Delhi,2
2025-06-02,Bengaluru,3
2025-06-03,Mumbai,3
2025-06-03,Pune,2
2025-06-03,Delhi,2
2025-06-03,Bengaluru,2
2025-06-04,Mumbai,3
2025-06-04,Pune,2
2025-06-04,Delhi,2
2025-06-04,Bengaluru,2
2025-06-05,Mumbai,3
2025-06-05,Pune,2
2025-06-05,Delhi,2
2025-06-05,Bengaluru,2
2025-06-06,Mumbai,2
2025-06-06,Pune,2
2025-06-06,Delhi,2
2025-06-06,Bengaluru,2
2025-06-07,Mumbai,2
2025-06-07,Pune,2
2025-06-07,Delhi,2
2025-06-07,Bengaluru,2
2025-06-08,Mumbai,2
2025-06-08,Pune,2
2025-06-08,Delhi,2
2025-06-08,Bengaluru,2
2025-06-09,Mumbai,3
2025-06-09,Pune,2
2025-06-09,Delhi,2
2025-06-09,Bengaluru,2
2025-06-10,Mumbai,2
2025-06-10,Pune,2
2025-06-10,Delhi,2
2025-06-10,Bengaluru,2
2025-06-11,Mumbai,2
2025-06-11,Pune,2
2025-06-11,Delhi,2
2025-06-11,Bengaluru,2
2025-06-12,Mumbai,2
2025-06-12,Pune,2
2025-06-12,Delhi,2
2025-06-12,Bengaluru,2
2025-06-13,Mumbai,3
2025-06-13,Pune,2
2025-06-13,Delhi,3
2025-06-13,Bengaluru,2
2025-06-14,Mumbai,2
2025-06-14,Pune,2
2025-06-14,Delhi,2
2025-06-14,Bengaluru,2
2025-06-15,Mumbai,2
2025-06-15,Pune,2
2025-06-15,Delhi,2
2025-06-15,Bengaluru,2
2025-06-16,Mumbai,3
2025-06-16,Pune,2
2025-06-16,Delhi,2
2025-06-16,Bengaluru,3
2025-06-17,Mumbai,2
2025-06-17,Pune,2
2025-06-17,Delhi,2
2025-06-17,Bengaluru,2
2025-06-18,Mumbai,3
2025-06-18,Pune,2
2025-06-18,Delhi,2
2025-06-18,Bengaluru,2
2025-06-19,Mumbai,3
2025-06-19,Pune,2
2025-06-19,Delhi,2
2025-06-19,Bengaluru,2
2025-06-20,Mumbai,2
2025-06-20,Pune,2
2025-06-20,Delhi,2
2025-06-20,Bengaluru,2
2025-06-21,Mumbai,2
2025-06-21,Pune,2
2025-06-21,Delhi,2
2025-06-21,Bengaluru,2
2025-06-22,Mumbai,2
2025-06-22,Pune,2
2025-06-22,Delhi,2
2025-06-22,Bengaluru,2
2025-06-23,Mumbai,3
2025-06-23,Pune,2
2025-06-23,Delhi,2
2025-06-23,Bengaluru,2
2025-06-24,Mumbai,2
2025-06-24,Pune,2
2025-06-24,Delhi,2
2025-06-24,Bengaluru,2
2025-06-25,Mumbai,2
2025-06-25,Pune,2
2025-06-25,Delhi,3
2025-06-25,Bengaluru,2
2025-06-26,Mumbai,2
2025-06-26,Pune,3
2025-06-26,Delhi,2
2025-06-26,Bengaluru,2
2025-06-27,Mumbai,2
2025-06-27,Pune,2
2025-06-27,Delhi,2
2025-06-27,Bengaluru,2
2025-06-28,Mumbai,2
2025-06-28,Pune,2
2025-06-28,Delhi,2
2025-06-28,Bengaluru,2
2025-06-29,Mumbai,2
2025-06-29,Pune,2
2025-06-29,Delhi,2
2025-06-29,Bengaluru,2
2025-06-30,Mumbai,3
2025-06-30,Pune,2
2025-06-30,Delhi,2
2025-06-30,Bengaluru,2
2025-07-01,Mumbai,4
2025-07-01,Pune,2
2025-07-01,Delhi,2
2025-07-01,Bengaluru,2
2025-07-02,Mumbai,2
2025-07-02,Pune,2
2025-07-02,Delhi,2
2025-07-02,Bengaluru,2
2025-07-03,Mumbai,3
2025-07-03,Pune,2
2025-07-03,Delhi,2
2025-07-03,Bengaluru,2
2025-07-04,Mumbai,3
2025-07-04,Pune,2
2025-07-04,Delhi,2
2025-07-04,Bengaluru,2
2025-07-05,Mumbai,2
2025-07-05,Pune,2
2025-07-05,Delhi,2
2025-07-05,Bengaluru,2
2025-07-06,Mumbai,2
2025-07-06,Pune,2
2025-07-06,Delhi,2
2025-07-06,Bengaluru,2
2025-07-07,Mumbai,3
2025-07-07,Pune,2
2025-07-07,Delhi,2
2025-07-07,Bengaluru,3
2025-07-08,Mumbai,2
2025-07-08,Pune,2
2025-07-08,Delhi,2
2025-07-08,Bengaluru,2
2025-07-09,Mumbai,2
2025-07-09,Pune,2
2025-07-09,Delhi,2
2025-07-09,Bengaluru,2
2025-07-10,Mumbai,2
2025-07-10,Pune,2
2025-07-10,Delhi,2
2025-07-10,Bengaluru,2
2025-07-11,Mumbai,2
2025-07-11,Pune,2
2025-07-11,Delhi,2
2025-07-11,Bengaluru,2
2025-07-12,Mumbai,2
2025-07-12,Pune,2
2025-07-12,Delhi,2
2025-07-12,Bengaluru,2
2025-07-13,Mumbai,2
2025-07-13,Pune,2
2025-07-13,Delhi,2
2025-07-13,Bengaluru,2
2025-07-14,Mumbai,3
2025-07-14,Pune,2
2025-07-14,Delhi,2
2025-07-14,Bengaluru,2
2025-07-15,Mumbai,4
2025-07-15,Pune,3
2025-07-15,Delhi,4
2025-07-15,Bengaluru,2
2025-07-16,Mumbai,3
2025-07-16,Pune,2
2025-07-16,Delhi,2
2025-07-16,Bengaluru,2
2025-07-17,Mumbai,2
2025-07-17,Pune,2
2025-07-17,Delhi,2
2025-07-17,Bengaluru,2
2025-07-18,Mumbai,2
2025-07-18,Pune,2
2025-07-18,Delhi,2
2025-07-18,Bengaluru,2
2025-07-19,Mumbai,2
2025-07-19,Pune,2
2025-07-19,Delhi,2
2025-07-19,Bengaluru,2
2025-07-20,Mumbai,2
2025-07-20,Pune,2
2025-07-20,Delhi,2
2025-07-20,Bengaluru,2
2025-07-21,Mumbai,4
2025-07-21,Pune,2
2025-07-21,Delhi,2
2025-07-21,Bengaluru,2
2025-07-22,Mumbai,3
2025-07-22,Pune,2
2025-07-22,Delhi,2
2025-07-22,Bengaluru,2
2025-07-23,Mumbai,2
2025-07-23,Pune,2
2025-07-23,Delhi,2
2025-07-23,Bengaluru,2
2025-07-24,Mumbai,4
2025-07-24,Pune,2
2025-07-24,Delhi,2
2025-07-24,Bengaluru,2
2025-07-25,Mumbai,2
2025-07-25,Pune,2
2025-07-25,Delhi,2
2025-07-25,Bengaluru,2
2025-07-26,Mumbai,2
2025-07-26,Pune,2
2025-07-26,Delhi,2
2025-07-26,Bengaluru,2
2025-07-27,Mumbai,2
2025-07-27,Pune,2
2025-07-27,Delhi,2
2025-07-27,Bengaluru,2
2025-07-28,Mumbai,3
2025-07-28,Pune,2
2025-07-28,Delhi,2
2025-07-28,Bengaluru,2
2025-07-29,Mumbai,2
2025-07-29,Pune,2
2025-07-29,Delhi,2
2025-07-29,Bengaluru,2
2025-07-30,Mumbai,3
2025-07-30,Pune,2
2025-07-30,Delhi,2
2025-07-30,Bengaluru,2
2025-07-31,Mumbai,2
2025-07-31,Pune,2
2025-07-31,Delhi,2
2025-07-31,Bengaluru,2
2025-08-01,Mumbai,3
2025-08-01,Pune,2
2025-08-01,Delhi,2
2025-08-01,Bengaluru,2
2025-08-02,Mumbai,2
2025-08-02,Pune,2
2025-08-02,Delhi,2
2025-08-02,Bengaluru,2
2025-08-03,Mumbai,2
2025-08-03,Pune,2
2025-08-03,Delhi,2
2025-08-03,Bengaluru,2
2025-08-04,Mumbai,3
2025-08-04,Pune,2
2025-08-04,Delhi,2
2025-08-04,Bengaluru,2
2025-08-05,Mumbai,2
2025-08-05,Pune,2
2025-08-05,Delhi,2
2025-08-05,Bengaluru,2
2025-08-06,Mumbai,2
2025-08-06,Pune,2
2025-08-06,Delhi,2
2025-08-06,Bengaluru,2
2025-08-07,Mumbai,2
2025-08-07,Pune,2
2025-08-07,Delhi,2
2025-08-07,Bengaluru,2
2025-08-08,Mumbai,2
2025-08-08,Pune,2
2025-08-08,Delhi,2
2025-08-08,Bengaluru,2
2025-08-09,Mumbai,2
2025-08-09,Pune,2
2025-08-09,Delhi,2
2025-08-09,Bengaluru,2
2025-08-10,Mumbai,2
2025-08-10,Pune,2
2025-08-10,Delhi,2
2025-08-10,Bengaluru,2
2025-08-11,Mumbai,4
2025-08-11,Pune,2
2025-08-11,Delhi,2
2025-08-11,Bengaluru,3
2025-08-12,Mumbai,3
2025-08-12,Pune,2
2025-08-12,Delhi,2
2025-08-12,Bengaluru,2
2025-08-13,Mumbai,2
2025-08-13,Pune,2
2025-08-13,Delhi,2
2025-08-13,Bengaluru,3
2025-08-14,Mumbai,2
2025-08-14,Pune,2
2025-08-14,Delhi,2
2025-08-14,Bengaluru,2
2025-08-15,Mumbai,2
2025-08-15,Pune,2
2025-08-15,Delhi,2
2025-08-15,Bengaluru,2
2025-08-16,Mumbai,2
2025-08-16,Pune,2
2025-08-16,Delhi,2
2025-08-16,Bengaluru,2
2025-08-17,Mumbai,2
2025-08-17,Pune,2
2025-08-17,Delhi,2
2025-08-17,Bengaluru,2
2025-08-18,Mumbai,3
2025-08-18,Pune,2
2025-08-18,Delhi,2
2025-08-18,Bengaluru,2
2025-08-19,Mumbai,3
2025-08-19,Pune,3
2025-08-19,Delhi,2
2025-08-19,Bengaluru,2
2025-08-20,Mumbai,3
2025-08-20,Pune,2
2025-08-20,Delhi,2
2025-08-20,Bengaluru,2
2025-08-21,Mumbai,2
2025-08-21,Pune,2
2025-08-21,Delhi,2
2025-08-21,Bengaluru,2
2025-08-22,Mumbai,2
2025-08-22,Pune,2
2025-08-22,Delhi,2
2025-08-22,Bengaluru,2
2025-08-23,Mumbai,2
2025-08-23,Pune,2
2025-08-23,Delhi,2
2025-08-23,Bengaluru,2
2025-08-24,Mumbai,2
2025-08-24,Pune,2
2025-08-24,Delhi,2
2025-08-24,Bengaluru,2
2025-08-25,Mumbai,2
2025-08-25,Pune,3
2025-08-25,Delhi,2
2025-08-25,Bengaluru,2
2025-08-26,Mumbai,2
2025-08-26,Pune,2
2025-08-26,Delhi,2
2025-08-26,Bengaluru,2
2025-08-27,Mumbai,3
2025-08-27,Pune,2
2025-08-27,Delhi,2
2025-08-27,Bengaluru,2
2025-08-28,Mumbai,2
2025-08-28,Pune,3
2025-08-28,Delhi,2
2025-08-28,Bengaluru,2
2025-08-29,Mumbai,2
2025-08-29,Pune,2
2025-08-29,Delhi,2
2025-08-29,Bengaluru,2
2025-08-30,Mumbai,2
2025-08-30,Pune,2
2025-08-30,Delhi,2
2025-08-30,Bengaluru,2
2025-08-31,Mumbai,2
2025-08-31,Pune,2
2025-08-31,Delhi,2
2025-08-31,Bengaluru,2
2025-09-01,Mumbai,2
2025-09-01,Pune,2
2025-09-01,Delhi,2
2025-09-01,Bengaluru,3
2025-09-02,Mumbai,2
2025-09-02,Pune,2
2025-09-02,Delhi,2
2025-09-02,Bengaluru,2
2025-09-03,Mumbai,3
2025-09-03,Pune,2
2025-09-03,Delhi,2
2025-09-03,Bengaluru,2
2025-09-04,Mumbai,3
2025-09-04,Pune,2
2025-09-04,Delhi,2
2025-09-04,Bengaluru,2
2025-09-05,Mumbai,2
2025-09-05,Pune,2
2025-09-05,Delhi,2
2025-09-05,Bengaluru,2
2025-09-06,Mumbai,2
2025-09-06,Pune,2
2025-09-06,Delhi,2
2025-09-06,Bengaluru,2
2025-09-07,Mumbai,2
2025-09-07,Pune,2
2025-09-07,Delhi,2
2025-09-07,Bengaluru,2
2025-09-08,Mumbai,3
2025-09-08,Pune,2
2025-09-08,Delhi,2
2025-09-08,Bengaluru,2
2025-09-09,Mumbai,3
2025-09-09,Pune,2
2025-09-09,Delhi,2
2025-09-09,Bengaluru,2
2025-09-10,Mumbai,3
2025-09-10,Pune,2
2025-09-10,Delhi,2
2025-09-10,Bengaluru,2
2025-09-11,Mumbai,3
2025-09-11,Pune,2
2025-09-11,Delhi,2
2025-09-11,Bengaluru,2
2025-09-12,Mumbai,2
2025-09-12,Pune,2
2025-09-12,Delhi,2
2025-09-12,Bengaluru,2
2025-09-13,Mumbai,2
2025-09-13,Pune,2
2025-09-13,Delhi,2
2025-09-13,Bengaluru,2
2025-09-14,Mumbai,2
2025-09-14,Pune,2
2025-09-14,Delhi,2
2025-09-14,Bengaluru,2
2025-09-15,Mumbai,3
2025-09-15,Pune,2
2025-09-15,Delhi,2
2025-09-15,Bengaluru,2
2025-09-16,Mumbai,2
2025-09-16,Pune,2
2025-09-16,Delhi,2
2025-09-16,Bengaluru,2
2025-09-17,Mumbai,3
2025-09-17,Pune,2
2025-09-17,Delhi,2
2025-09-17,Bengaluru,2
2025-09-18,Mumbai,4
2025-09-18,Pune,2
2025-09-18,Delhi,2
2025-09-18,Bengaluru,2
2025-09-19,Mumbai,2
2025-09-19,Pune,2
2025-09-19,Delhi,2
2025-09-19,Bengaluru,2
2025-09-20,Mumbai,2
2025-09-20,Pune,2
2025-09-20,Delhi,2
2025-09-20,Bengaluru,2
2025-09-21,Mumbai,2
2025-09-21,Pune,2
2025-09-21,Delhi,2
2025-09-21,Bengaluru,2
2025-09-22,Mumbai,4
2025-09-22,Pune,2
2025-09-22,Delhi,2
2025-09-22,Bengaluru,2
2025-09-23,Mumbai,2
2025-09-23,Pune,2
2025-09-23,Delhi,2
2025-09-23,Bengaluru,2
2025-09-24,Mumbai,3
2025-09-24,Pune,2
2025-09-24,Delhi,2
2025-09-24,Bengaluru,2
2025-09-25,Mumbai,2
2025-09-25,Pune,2
2025-09-25,Delhi,2
2025-09-25,Bengaluru,2
2025-09-26,Mumbai,3
2025-09-26,Pune,2
2025-09-26,Delhi,2
2025-09-26,Bengaluru,2
2025-09-27,Mumbai,2
2025-09-27,Pune,2
2025-09-27,Delhi,2
2025-09-27,Bengaluru,2
2025-09-28,Mumbai,2
2025-09-28,Pune,2
2025-09-28,Delhi,2
2025-09-28,Bengaluru,2
2025-09-29,Mumbai,2
2025-09-29,Pune,2
2025-09-29,Delhi,2
2025-09-29,Bengaluru,2
2025-09-30,Mumbai,2
2025-09-30,Pune,2
2025-09-30,Delhi,2
2025-09-30,Bengaluru,2
2025-10-01,Mumbai,3
2025-10-01,Pune,2
2025-10-01,Delhi,3
2025-10-01,Bengaluru,2
2025-10-02,Mumbai,2
2025-10-02,Pune,2
2025-10-02,Delhi,2
2025-10-02,Bengaluru,2
2025-10-03,Mumbai,2
2025-10-03,Pune,2
2025-10-03,Delhi,2
2025-10-03,Bengaluru,2
2025-10-04,Mumbai,2
2025-10-04,Pune,2
2025-10-04,Delhi,2
2025-10-04,Bengaluru,2
2025-10-05,Mumbai,2
2025-10-05,Pune,2
2025-10-05,Delhi,2
2025-10-05,Bengaluru,2
2025-10-06,Mumbai,2
2025-10-06,Pune,2
2025-10-06,Delhi,3
2025-10-06,Bengaluru,2
2025-10-07,Mumbai,3
2025-10-07,Pune,2
2025-10-07,Delhi,3
2025-10-07,Bengaluru,4
2025-10-08,Mumbai,2
2025-10-08,Pune,2
2025-10-08,Delhi,2
2025-10-08,Bengaluru,2
2025-10-09,Mumbai,3
2025-10-09,Pune,2
2025-10-09,Delhi,2
2025-10-09,Bengaluru,2
2025-10-10,Mumbai,3
2025-10-10,Pune,2
2025-10-10,Delhi,2
2025-10-10,Bengaluru,2
2025-10-11,Mumbai,2
2025-10-11,Pune,2
2025-10-11,Delhi,2
2025-10-11,Bengaluru,2
2025-10-12,Mumbai,2
2025-10-12,Pune,2
2025-10-12,Delhi,2
2025-10-12,Bengaluru,2
2025-10-13,Mumbai,4
2025-10-13,Pune,2
2025-10-13,Delhi,2
2025-10-13,Bengaluru,2
2025-10-14,Mumbai,2
2025-10-14,Pune,2
2025-10-14,Delhi,2
2025-10-14,Bengaluru,2
2025-10-15,Mumbai,3
2025-10-15,Pune,2
2025-10-15,Delhi,2
2025-10-15,Bengaluru,2
2025-10-16,Mumbai,2
2025-10-16,Pune,2
2025-10-16,Delhi,2
2025-10-16,Bengaluru,2
2025-10-17,Mumbai,2
2025-10-17,Pune,2
2025-10-17,Delhi,2
2025-10-17,Bengaluru,2
2025-10-18,Mumbai,2
2025-10-18,Pune,2
2025-10-18,Delhi,2
2025-10-18,Bengaluru,2
2025-10-19,Mumbai,2
2025-10-19,Pune,2
2025-10-19,Delhi,2
2025-10-19,Bengaluru,2
2025-10-20,Mumbai,2
2025-10-20,Pune,2
2025-10-20,Delhi,2
2025-10-20,Bengaluru,2
2025-10-21,Mumbai,3
2025-10-21,Pune,2
2025-10-21,Delhi,3
2025-10-21,Bengaluru,2
2025-10-22,Mumbai,3
2025-10-22,Pune,2
2025-10-22,Delhi,2
2025-10-22,Bengaluru,2
2025-10-23,Mumbai,2
2025-10-23,Pune,2
2025-10-23,Delhi,3
2025-10-23,Bengaluru,2
2025-10-24,Mumbai,2
2025-10-24,Pune,3
2025-10-24,Delhi,2
2025-10-24,Bengaluru,2
2025-10-25,Mumbai,3
2025-10-25,Pune,2
2025-10-25,Delhi,2
2025-10-25,Bengaluru,2
2025-10-26,Mumbai,2
2025-10-26,Pune,2
2025-10-26,Delhi,2
2025-10-26,Bengaluru,2
2025-10-27,Mumbai,3
2025-10-27,Pune,2
2025-10-27,Delhi,2
2025-10-27,Bengaluru,2
2025-10-28,Mumbai,2
2025-10-28,Pune,2
2025-10-28,Delhi,2
2025-10-28,Bengaluru,2
2025-10-29,Mumbai,3
2025-10-29,Pune,2
2025-10-29,Delhi,2
2025-10-29,Bengaluru,2
2025-10-30,Mumbai,4
2025-10-30,Pune,2
2025-10-30,Delhi,2
2025-10-30,Bengaluru,2
2025-10-31,Mumbai,2
2025-10-31,Pune,2
2025-10-31,Delhi,2
2025-10-31,Bengaluru,2
2025-11-01,Mumbai,2
2025-11-01,Pune,2
2025-11-01,Delhi,2
2025-11-01,Bengaluru,2
2025-11-02,Mumbai,2
2025-11-02,Pune,2
2025-11-02,Delhi,2
2025-11-02,Bengaluru,2
2025-11-03,Mumbai,2
2025-11-03,Pune,2
2025-11-03,Delhi,2
2025-11-03,Bengaluru,2
2025-11-04,Mumbai,3
2025-11-04,Pune,2
2025-11-04,Delhi,2
2025-11-04,Bengaluru,2
2025-11-05,Mumbai,3
2025-11-05,Pune,3
2025-11-05,Delhi,2
2025-11-05,Bengaluru,2
2025-11-06,Mumbai,2
2025-11-06,Pune,2
2025-11-06,Delhi,2
2025-11-06,Bengaluru,2
2025-11-07,Mumbai,2
2025-11-07,Pune,2
2025-11-07,Delhi,2
2025-11-07,Bengaluru,2
2025-11-08,Mumbai,2
2025-11-08,Pune,2
2025-11-08,Delhi,3
2025-11-08,Bengaluru,2
2025-11-09,Mumbai,2
2025-11-09,Pune,2
2025-11-09,Delhi,2
2025-11-09,Bengaluru,2
2025-11-10,Mumbai,3
2025-11-10,Pune,2
2025-11-10,Delhi,2
2025-11-10,Bengaluru,2
2025-11-11,Mumbai,3
2025-11-11,Pune,2
2025-11-11,Delhi,2
2025-11-11,Bengaluru,2
2025-11-12,Mumbai,3
2025-11-12,Pune,2
2025-11-12,Delhi,2
2025-11-12,Bengaluru,2
2025-11-13,Mumbai,2
2025-11-13,Pune,2
2025-11-13,Delhi,2
2025-11-13,Bengaluru,2
2025-11-14,Mumbai,2
2025-11-14,Pune,2
2025-11-14,Delhi,2
2025-11-14,Bengaluru,2
2025-11-15,Mumbai,2
2025-11-15,Pune,2
2025-11-15,Delhi,2
2025-11-15,Bengaluru,2
2025-11-16,Mumbai,2
2025-11-16,Pune,2
2025-11-16,Delhi,2
2025-11-16,Bengaluru,2
2025-11-17,Mumbai,2
2025-11-17,Pune,2
2025-11-17,Delhi,2
2025-11-17,Bengaluru,2
2025-11-18,Mumbai,2
2025-11-18,Pune,2
2025-11-18,Delhi,2
2025-11-18,Bengaluru,2
2025-11-19,Mumbai,2
2025-11-19,Pune,2
2025-11-19,Delhi,2
2025-11-19,Bengaluru,2
2025-11-20,Mumbai,2
2025-11-20,Pune,2
2025-11-20,Delhi,2
2025-11-20,Bengaluru,2
2025-11-21,Mumbai,2
2025-11-21,Pune,2
2025-11-21,Delhi,2
2025-11-21,Bengaluru,2
2025-11-22,Mumbai,2
2025-11-22,Pune,2
2025-11-22,Delhi,2
2025-11-22,Bengaluru,2
2025-11-23,Mumbai,2
2025-11-23,Pune,2
2025-11-23,Delhi,2
2025-11-23,Bengaluru,2
2025-11-24,Mumbai,4
2025-11-24,Pune,2
2025-11-24,Delhi,3
2025-11-24,Bengaluru,2
2025-11-25,Mumbai,3
2025-11-25,Pune,2
2025-11-25,Delhi,2
2025-11-25,Bengaluru,2
2025-11-26,Mumbai,2
2025-11-26,Pune,2
2025-11-26,Delhi,2
2025-11-26,Bengaluru,2
2025-11-27,Mumbai,3
2025-11-27,Pune,2
2025-11-27,Delhi,2
2025-11-27,Bengaluru,2
2025-11-28,Mumbai,2
2025-11-28,Pune,2
2025-11-28,Delhi,2
2025-11-28,Bengaluru,2
2025-11-29,Mumbai,2
2025-11-29,Pune,2
2025-11-29,Delhi,2
2025-11-29,Bengaluru,3
2025-11-30,Mumbai,2
2025-11-30,Pune,2
2025-11-30,Delhi,2
2025-11-30,Bengaluru,2
2025-12-01,Mumbai,2
2025-12-01,Pune,2
2025-12-01,Delhi,2
2025-12-01,Bengaluru,2
2025-12-02,Mumbai,2
2025-12-02,Pune,2
2025-12-02,Delhi,3
2025-12-02,Bengaluru,2
2025-12-03,Mumbai,2
2025-12-03,Pune,3
2025-12-03,Delhi,2
2025-12-03,Bengaluru,2
2025-12-04,Mumbai,4
2025-12-04,Pune,2
2025-12-04,Delhi,2
2025-12-04,Bengaluru,2
2025-12-05,Mumbai,2
2025-12-05,Pune,2
2025-12-05,Delhi,2
2025-12-05,Bengaluru,2
2025-12-06,Mumbai,2
2025-12-06,Pune,2
2025-12-06,Delhi,2
2025-12-06,Bengaluru,2
2025-12-07,Mumbai,2
2025-12-07,Pune,2
2025-12-07,Delhi,2
2025-12-07,Bengaluru,2
2025-12-08,Mumbai,3
2025-12-08,Pune,2
2025-12-08,Delhi,2
2025-12-08,Bengaluru,3
2025-12-09,Mumbai,2
2025-12-09,Pune,2
2025-12-09,Delhi,2
2025-12-09,Bengaluru,2
2025-12-10,Mumbai,2
2025-12-10,Pune,2
2025-12-10,Delhi,2
2025-12-10,Bengaluru,2
2025-12-11,Mumbai,2
2025-12-11,Pune,2
2025-12-11,Delhi,3
2025-12-11,Bengaluru,2
2025-12-12,Mumbai,2
2025-12-12,Pune,3
2025-12-12,Delhi,2
2025-12-12,Bengaluru,2
2025-12-13,Mumbai,4
2025-12-13,Pune,2
2025-12-13,Delhi,2
2025-12-13,Bengaluru,2
2025-12-14,Mumbai,2
2025-12-14,Pune,2
2025-12-14,Delhi,2
2025-12-14,Bengaluru,2
2025-12-15,Mumbai,3
2025-12-15,Pune,2
2025-12-15,Delhi,2
2025-12-15,Bengaluru,2
2025-12-16,Mumbai,2
2025-12-16,Pune,2
2025-12-16,Delhi,2
2025-12-16,Bengaluru,2
2025-12-17,Mumbai,2
2025-12-17,Pune,2
2025-12-17,Delhi,2
2025-12-17,Bengaluru,2
2025-12-18,Mumbai,2
2025-12-18,Pune,2
2025-12-18,Delhi,2
2025-12-18,Bengaluru,2
2025-12-19,Mumbai,3
2025-12-19,Pune,2
2025-12-19,Delhi,2
2025-12-19,Bengaluru,2
2025-12-20,Mumbai,2
2025-12-20,Pune,2
2025-12-20,Delhi,2
2025-12-20,Bengaluru,2
2025-12-21,Mumbai,2
2025-12-21,Pune,2
2025-12-21,Delhi,2
2025-12-21,Bengaluru,2
2025-12-22,Mumbai,3
2025-12-22,Pune,3
2025-12-22,Delhi,2
2025-12-22,Bengaluru,2
2025-12-23,Mumbai,2
2025-12-23,Pune,3
2025-12-23,Delhi,3
2025-12-23,Bengaluru,2
2025-12-24,Mumbai,2
2025-12-24,Pune,2
2025-12-24,Delhi,2
2025-12-24,Bengaluru,3
2025-12-25,Mumbai,2
2025-12-25,Pune,2
2025-12-25,Delhi,2
2025-12-25,Bengaluru,2
2025-12-26,Mumbai,3
2025-12-26,Pune,2
2025-12-26,Delhi,2
2025-12-26,Bengaluru,2
2025-12-27,Mumbai,2
2025-12-27,Pune,2
2025-12-27,Delhi,2
2025-12-27,Bengaluru,2
2025-12-28,Mumbai,2
2025-12-28,Pune,2
2025-12-28,Delhi,2
2025-12-28,Bengaluru,2
2025-12-29,Mumbai,3
2025-12-29,Pune,2
2025-12-29,Delhi,2
2025-12-29,Bengaluru,2
2025-12-30,Mumbai,3
2025-12-30,Pune,2
2025-12-30,Delhi,3
2025-12-30,Bengaluru,2
2025-12-31,Mumbai,2
2025-12-31,Pune,2
2025-12-31,Delhi,3
2025-12-31,Bengaluru,2
2026-01-01,Mumbai,3
2026-01-01,Pune,2
2026-01-01,Delhi,2
2026-01-01,Bengaluru,2
2026-01-02,Mumbai,3
2026-01-02,Pune,2
2026-01-02,Delhi,2
2026-01-02,Bengaluru,2
2026-01-03,Mumbai,2
2026-01-03,Pune,2
2026-01-03,Delhi,2
2026-01-03,Bengaluru,2
2026-01-04,Mumbai,2
2026-01-04,Pune,2
2026-01-04,Delhi,2
2026-01-04,Bengaluru,2
2026-01-05,Mumbai,4
2026-01-05,Pune,3
2026-01-05,Delhi,3
2026-01-05,Bengaluru,3
2026-01-06,Mumbai,2
2026-01-06,Pune,2
2026-01-06,Delhi,2
2026-01-06,Bengaluru,2
2026-01-07,Mumbai,3
2026-01-07,Pune,2
2026-01-07,Delhi,2
2026-01-07,Bengaluru,2
2026-01-08,Mumbai,2
2026-01-08,Pune,2
2026-01-08,Delhi,2
2026-01-08,Bengaluru,2
2026-01-09,Mumbai,2
2026-01-09,Pune,2
2026-01-09,Delhi,2
2026-01-09,Bengaluru,3
2026-01-10,Mumbai,2
2026-01-10,Pune,2
2026-01-10,Delhi,3
2026-01-10,Bengaluru,2
2026-01-11,Mumbai,2
2026-01-11,Pune,2
2026-01-11,Delhi,2
2026-01-11,Bengaluru,2
2026-01-12,Mumbai,2
2026-01-12,Pune,2
2026-01-12,Delhi,2
2026-01-12,Bengaluru,2
2026-01-13,Mumbai,2
2026-01-13,Pune,2
2026-01-13,Delhi,2
2026-01-13,Bengaluru,2
2026-01-14,Mumbai,2
2026-01-14,Pune,2
2026-01-14,Delhi,2
2026-01-14,Bengaluru,2
2026-01-15,Mumbai,3
2026-01-15,Pune,2
2026-01-15,Delhi,2
2026-01-15,Bengaluru,2
2026-01-16,Mumbai,2
2026-01-16,Pune,2
2026-01-16,Delhi,2
2026-01-16,Bengaluru,2
2026-01-17,Mumbai,2
2026-01-17,Pune,2
2026-01-17,Delhi,2
2026-01-17,Bengaluru,2
2026-01-18,Mumbai,3
2026-01-18,Pune,2
2026-01-18,Delhi,2
2026-01-18,Bengaluru,2
2026-01-19,Mumbai,3
2026-01-19,Pune,2
2026-01-19,Delhi,2
2026-01-19,Bengaluru,2
2026-01-20,Mumbai,5
2026-01-20,Pune,2
2026-01-20,Delhi,2
2026-01-20,Bengaluru,2
2026-01-21,Mumbai,2
2026-01-21,Pune,2
2026-01-21,Delhi,2
2026-01-21,Bengaluru,2
2026-01-22,Mumbai,3
2026-01-22,Pune,2
2026-01-22,Delhi,2
2026-01-22,Bengaluru,2
2026-01-23,Mumbai,2
2026-01-23,Pune,2
2026-01-23,Delhi,2
2026-01-23,Bengaluru,2
2026-01-24,Mumbai,2
2026-01-24,Pune,3
2026-01-24,Delhi,2
2026-01-24,Bengaluru,2
2026-01-25,Mumbai,2
2026-01-25,Pune,2
2026-01-25,Delhi,2
2026-01-25,Bengaluru,2
2026-01-26,Mumbai,3
2026-01-26,Pune,2
2026-01-26,Delhi,2
2026-01-26,Bengaluru,2
2026-01-27,Mumbai,3
2026-01-27,Pune,2
2026-01-27,Delhi,2
2026-01-27,Bengaluru,3
2026-01-28,Mumbai,3
2026-01-28,Pune,3
2026-01-28,Delhi,2
2026-01-28,Bengaluru,2
2026-01-29,Mumbai,3
2026-01-29,Pune,2
2026-01-29,Delhi,2
2026-01-29,Bengaluru,2
2026-01-30,Mumbai,4
2026-01-30,Pune,2
2026-01-30,Delhi,2
2026-01-30,Bengaluru,2
2026-01-31,Mumbai,2
2026-01-31,Pune,2
2026-01-31,Delhi,2
2026-01-31,Bengaluru,2
2026-02-01,Mumbai,2
2026-02-01,Pune,2
2026-02-01,Delhi,2
2026-02-01,Bengaluru,2
2026-02-02,Mumbai,4
2026-02-02,Pune,2
2026-02-02,Delhi,2
2026-02-02,Bengaluru,2
2026-02-03,Mumbai,3
2026-02-03,Pune,2
2026-02-03,Delhi,2
2026-02-03,Bengaluru,2
2026-02-04,Mumbai,2
2026-02-04,Pune,2
2026-02-04,Delhi,2
2026-02-04,Bengaluru,2
2026-02-05,Mumbai,2
2026-02-05,Pune,2
2026-02-05,Delhi,2
2026-02-05,Bengaluru,2
2026-02-06,Mumbai,2
2026-02-06,Pune,2
2026-02-06,Delhi,3
2026-02-06,Bengaluru,2
2026-02-07,Mumbai,2
2026-02-07,Pune,2
2026-02-07,Delhi,2
2026-02-07,Bengaluru,3
2026-02-08,Mumbai,2
2026-02-08,Pune,2
2026-02-08,Delhi,2
2026-02-08,Bengaluru,2
2026-02-09,Mumbai,3
2026-02-09,Pune,3
2026-02-09,Delhi,2
2026-02-09,Bengaluru,2
2026-02-10,Mumbai,2
2026-02-10,Pune,2
2026-02-10,Delhi,3
2026-02-10,Bengaluru,2
2026-02-11,Mumbai,3
2026-02-11,Pune,2
2026-02-11,Delhi,2
2026-02-11,Bengaluru,2
2026-02-12,Mumbai,2
2026-02-12,Pune,2
2026-02-12,Delhi,2
2026-02-12,Bengaluru,3
2026-02-13,Mumbai,2
2026-02-13,Pune,2
2026-02-13,Delhi,2
2026-02-13,Bengaluru,2
2026-02-14,Mumbai,2
2026-02-14,Pune,2
2026-02-14,Delhi,2
2026-02-14,Bengaluru,2
2026-02-15,Mumbai,2
2026-02-15,Pune,2
2026-02-15,Delhi,3
2026-02-15,Bengaluru,2
2026-02-16,Mumbai,2
2026-02-16,Pune,2
2026-02-16,Delhi,3
2026-02-16,Bengaluru,2
2026-02-17,Mumbai,2
2026-02-17,Pune,2
2026-02-17,Delhi,2
2026-02-17,Bengaluru,2
2026-02-18,Mumbai,3
2026-02-18,Pune,2
2026-02-18,Delhi,2
2026-02-18,Bengaluru,2
2026-02-19,Mumbai,2
2026-02-19,Pune,2
2026-02-19,Delhi,3
2026-02-19,Bengaluru,2
2026-02-20,Mumbai,3
2026-02-20,Pune,2
2026-02-20,Delhi,2
2026-02-20,Bengaluru,2
2026-02-21,Mumbai,2
2026-02-21,Pune,3
2026-02-21,Delhi,2
2026-02-21,Bengaluru,2
2026-02-22,Mumbai,2
2026-02-22,Pune,2
2026-02-22,Delhi,2
2026-02-22,Bengaluru,2
2026-02-23,Mumbai,3
2026-02-23,Pune,2
2026-02-23,Delhi,2
2026-02-23,Bengaluru,3
2026-02-24,Mumbai,2
2026-02-24,Pune,3
2026-02-24,Delhi,2
2026-02-24,Bengaluru,2
2026-02-25,Mumbai,4
2026-02-25,Pune,2
2026-02-25,Delhi,2
2026-02-25,Bengaluru,2
2026-02-26,Mumbai,2
2026-02-26,Pune,2
2026-02-26,Delhi,3
2026-02-26,Bengaluru,2
2026-02-27,Mumbai,2
2026-02-27,Pune,2
2026-02-27,Delhi,2
2026-02-27,Bengaluru,2
2026-02-28,Mumbai,2
2026-02-28,Pune,2
2026-02-28,Delhi,2
2026-02-28,Bengaluru,2
2026-03-01,Mumbai,2
2026-03-01,Pune,2
2026-03-01,Delhi,2
2026-03-01,Bengaluru,2
2026-03-02,Mumbai,3
2026-03-02,Pune,2
2026-03-02,Delhi,3
2026-03-02,Bengaluru,2
2026-03-03,Mumbai,2
2026-03-03,Pune,2
2026-03-03,Delhi,2
2026-03-03,Bengaluru,2
2026-03-04,Mumbai,2
2026-03-04,Pune,2
2026-03-04,Delhi,2
2026-03-04,Bengaluru,2
2026-03-05,Mumbai,3
2026-03-05,Pune,2
2026-03-05,Delhi,2
2026-03-05,Bengaluru,2
2026-03-06,Mumbai,3
2026-03-06,Pune,2
2026-03-06,Delhi,2
2026-03-06,Bengaluru,2
2026-03-07,Mumbai,2
2026-03-07,Pune,2
2026-03-07,Delhi,2
2026-03-07,Bengaluru,2
2026-03-08,Mumbai,3
2026-03-08,Pune,2
2026-03-08,Delhi,2
2026-03-08,Bengaluru,2
2026-03-09,Mumbai,3
2026-03-09,Pune,2
2026-03-09,Delhi,2
2026-03-09,Bengaluru,2
2026-03-10,Mumbai,4
2026-03-10,Pune,3
2026-03-10,Delhi,3
2026-03-10,Bengaluru,2
2026-03-11,Mumbai,2
2026-03-11,Pune,2
2026-03-11,Delhi,2
2026-03-11,Bengaluru,2
2026-03-12,Mumbai,2
2026-03-12,Pune,3
2026-03-12,Delhi,2
2026-03-12,Bengaluru,2
2026-03-13,Mumbai,3
2026-03-13,Pune,2
2026-03-13,Delhi,2
2026-03-13,Bengaluru,2
2026-03-14,Mumbai,2
2026-03-14,Pune,2
2026-03-14,Delhi,2
2026-03-14,Bengaluru,2
2026-03-15,Mumbai,2
2026-03-15,Pune,2
2026-03-15,Delhi,2
2026-03-15,Bengaluru,2
2026-03-16,Mumbai,3
2026-03-16,Pune,2
2026-03-16,Delhi,2
2026-03-16,Bengaluru,2
2026-03-17,Mumbai,3
2026-03-17,Pune,2
2026-03-17,Delhi,2
2026-03-17,Bengaluru,2
2026-03-18,Mumbai,3
2026-03-18,Pune,2
2026-03-18,Delhi,3
2026-03-18,Bengaluru,2
2026-03-19,Mumbai,3
2026-03-19,Pune,2
2026-03-19,Delhi,2
2026-03-19,Bengaluru,2
2026-03-20,Mumbai,2
2026-03-20,Pune,2
2026-03-20,Delhi,2
2026-03-20,Bengaluru,2
2026-03-21,Mumbai,2
2026-03-21,Pune,2
2026-03-21,Delhi,2
2026-03-21,Bengaluru,2
2026-03-22,Mumbai,2
2026-03-22,Pune,2
2026-03-22,Delhi,2
2026-03-22,Bengaluru,2
2026-03-23,Mumbai,3
2026-03-23,Pune,2
2026-03-23,Delhi,3
2026-03-23,Bengaluru,2
2026-03-24,Mumbai,3
2026-03-24,Pune,2
2026-03-24,Delhi,4
2026-03-24,Bengaluru,2
2026-03-25,Mumbai,4
2026-03-25,Pune,2
2026-03-25,Delhi,2
2026-03-25,Bengaluru,2
2026-03-26,Mumbai,3
2026-03-26,Pune,2
2026-03-26,Delhi,2
2026-03-26,Bengaluru,2
2026-03-27,Mumbai,2
2026-03-27,Pune,2
2026-03-27,Delhi,2
2026-03-27,Bengaluru,2
2026-03-28,Mumbai,2
2026-03-28,Pune,2
2026-03-28,Delhi,2
2026-03-28,Bengaluru,2
2026-03-29,Mumbai,2
2026-03-29,Pune,2
2026-03-29,Delhi,2
2026-03-29,Bengaluru,2
2026-03-30,Mumbai,3
2026-03-30,Pune,3
2026-03-30,Delhi,3
2026-03-30,Bengaluru,2
2026-03-31,Mumbai,3
2026-03-31,Pune,3
2026-03-31,Delhi,2
2026-03-31,Bengaluru,3
2026-04-01,Mumbai,3
2026-04-01,Pune,2
2026-04-01,Delhi,2
2026-04-01,Bengaluru,2
2026-04-02,Mumbai,2
2026-04-02,Pune,2
2026-04-02,Delhi,3
2026-04-02,Bengaluru,2
2026-04-03,Mumbai,2
2026-04-03,Pune,2
2026-04-03,Delhi,2
2026-04-03,Bengaluru,2
2026-04-04,Mumbai,3
2026-04-04,Pune,2
2026-04-04,Delhi,2
2026-04-04,Bengaluru,2
2026-04-05,Mumbai,2
2026-04-05,Pune,2
2026-04-05,Delhi,2
2026-04-05,Bengaluru,2
2026-04-06,Mumbai,4
2026-04-06,Pune,2
2026-04-06,Delhi,3
2026-04-06,Bengaluru,2
2026-04-07,Mumbai,2
2026-04-07,Pune,2
2026-04-07,Delhi,2
2026-04-07,Bengaluru,2
2026-04-08,Mumbai,2
2026-04-08,Pune,2
2026-04-08,Delhi,2
2026-04-08,Bengaluru,2
2026-04-09,Mumbai,2
2026-04-09,Pune,2
2026-04-09,Delhi,2
2026-04-09,Bengaluru,2
2026-04-10,Mumbai,3
2026-04-10,Pune,3
2026-04-10,Delhi,2
2026-04-10,Bengaluru,2
2026-04-11,Mumbai,2
2026-04-11,Pune,2
2026-04-11,Delhi,2
2026-04-11,Bengaluru,2
2026-04-12,Mumbai,2
2026-04-12,Pune,2
2026-04-12,Delhi,2
2026-04-12,Bengaluru,2
2026-04-13,Mumbai,3
2026-04-13,Pune,2
2026-04-13,Delhi,2
2026-04-13,Bengaluru,2
2026-04-14,Mumbai,2
2026-04-14,Pune,2
2026-04-14,Delhi,2
2026-04-14,Bengaluru,2
2026-04-15,Mumbai,2
2026-04-15,Pune,2
2026-04-15,Delhi,3
2026-04-15,Bengaluru,2
2026-04-16,Mumbai,2
2026-04-16,Pune,2
2026-04-16,Delhi,2
2026-04-16,Bengaluru,2
2026-04-17,Mumbai,2
2026-04-17,Pune,2
2026-04-17,Delhi,2
2026-04-17,Bengaluru,2
2026-04-18,Mumbai,2
2026-04-18,Pune,2
2026-04-18,Delhi,2
2026-04-18,Bengaluru,2
2026-04-19,Mumbai,2
2026-04-19,Pune,2
2026-04-19,Delhi,2
2026-04-19,Bengaluru,3
2026-04-20,Mumbai,3
2026-04-20,Pune,2
2026-04-20,Delhi,3
2026-04-20,Bengaluru,2
2026-04-21,Mumbai,2
2026-04-21,Pune,2
2026-04-21,Delhi,2
2026-04-21,Bengaluru,2
2026-04-22,Mumbai,3
2026-04-22,Pune,2
2026-04-22,Delhi,2
2026-04-22,Bengaluru,2
2026-04-23,Mumbai,2
2026-04-23,Pune,2
2026-04-23,Delhi,2
2026-04-23,Bengaluru,3
2026-04-24,Mumbai,2
2026-04-24,Pune,2
2026-04-24,Delhi,2
2026-04-24,Bengaluru,2
2026-04-25,Mumbai,2
2026-04-25,Pune,2
2026-04-25,Delhi,2
2026-04-25,Bengaluru,2
2026-04-26,Mumbai,2
2026-04-26,Pune,2
2026-04-26,Delhi,2
2026-04-26,Bengaluru,2
2026-04-27,Mumbai,2
2026-04-27,Pune,3
2026-04-27,Delhi,2
2026-04-27,Bengaluru,2
2026-04-28,Mumbai,4
2026-04-28,Pune,2
2026-04-28,Delhi,2
2026-04-28,Bengaluru,2
2026-04-29,Mumbai,4
2026-04-29,Pune,2
2026-04-29,Delhi,2
2026-04-29,Bengaluru,2
2026-04-30,Mumbai,2
2026-04-30,Pune,3
2026-04-30,Delhi,3
2026-04-30,Bengaluru,2
2026-05-01,Mumbai,2
2026-05-01,Pune,2
2026-05-01,Delhi,3
2026-05-01,Bengaluru,2
2026-05-02,Mumbai,2
2026-05-02,Pune,2
2026-05-02,Delhi,2
2026-05-02,Bengaluru,2
2026-05-03,Mumbai,2
2026-05-03,Pune,2
2026-05-03,Delhi,2
2026-05-03,Bengaluru,2
2026-05-04,Mumbai,4
2026-05-04,Pune,3
2026-05-04,Delhi,2
2026-05-04,Bengaluru,2
2026-05-05,Mumbai,3
2026-05-05,Pune,2
2026-05-05,Delhi,3
2026-05-05,Bengaluru,3
2026-05-06,Mumbai,3
2026-05-06,Pune,2
2026-05-06,Delhi,3
2026-05-06,Bengaluru,2
2026-05-07,Mumbai,3
2026-05-07,Pune,2
2026-05-07,Delhi,2
2026-05-07,Bengaluru,2
2026-05-08,Mumbai,4
2026-05-08,Pune,2
2026-05-08,Delhi,2
2026-05-08,Bengaluru,2
2026-05-09,Mumbai,2
2026-05-09,Pune,2
2026-05-09,Delhi,2
2026-05-09,Bengaluru,2
2026-05-10,Mumbai,3
2026-05-10,Pune,2
2026-05-10,Delhi,2
2026-05-10,Bengaluru,2
2026-05-11,Mumbai,2
2026-05-11,Pune,2
2026-05-11,Delhi,2
2026-05-11,Bengaluru,2
2026-05-12,Mumbai,3
2026-05-12,Pune,2
2026-05-12,Delhi,3
2026-05-12,Bengaluru,2
2026-05-13,Mumbai,2
2026-05-13,Pune,2
2026-05-13,Delhi,2
2026-05-13,Bengaluru,2
2026-05-14,Mumbai,4
2026-05-14,Pune,2
2026-05-14,Delhi,3
2026-05-14,Bengaluru,2
2026-05-15,Mumbai,2
2026-05-15,Pune,2
2026-05-15,Delhi,2
2026-05-15,Bengaluru,2
2026-05-16,Mumbai,2
2026-05-16,Pune,2
2026-05-16,Delhi,2
2026-05-16,Bengaluru,2
2026-05-17,Mumbai,2
2026-05-17,Pune,2
2026-05-17,Delhi,2
2026-05-17,Bengaluru,2
2026-05-18,Mumbai,3
2026-05-18,Pune,2
2026-05-18,Delhi,2
2026-05-18,Bengaluru,2
2026-05-19,Mumbai,3
2026-05-19,Pune,2
2026-05-19,Delhi,3
2026-05-19,Bengaluru,2
2026-05-20,Mumbai,3
2026-05-20,Pune,3
2026-05-20,Delhi,2
2026-05-20,Bengaluru,2
2026-05-21,Mumbai,2
2026-05-21,Pune,3
2026-05-21,Delhi,2
2026-05-21,Bengaluru,2
2026-05-22,Mumbai,2
2026-05-22,Pune,2
2026-05-22,Delhi,2
2026-05-22,Bengaluru,2
2026-05-23,Mumbai,2
2026-05-23,Pune,2
2026-05-23,Delhi,2
2026-05-23,Bengaluru,2
2026-05-24,Mumbai,2
2026-05-24,Pune,2
2026-05-24,Delhi,2
2026-05-24,Bengaluru,2
2026-05-25,Mumbai,3
2026-05-25,Pune,2
2026-05-25,Delhi,2
2026-05-25,Bengaluru,2
2026-05-26,Mumbai,2
2026-05-26,Pune,2
2026-05-26,Delhi,2
2026-05-26,Bengaluru,2
2026-05-27,Mumbai,2
2026-05-27,Pune,2
2026-05-27,Delhi,2
2026-05-27,Bengaluru,4
2026-05-28,Mumbai,3
2026-05-28,Pune,2
2026-05-28,Delhi,2
2026-05-28,Bengaluru,2
2026-05-29,Mumbai,2
2026-05-29,Pune,4
2026-05-29,Delhi,2
2026-05-29,Bengaluru,2
2026-05-30,Mumbai,2
2026-05-30,Pune,2
2026-05-30,Delhi,2
2026-05-30,Bengaluru,2
2026-05-31,Mumbai,2
2026-05-31,Pune,2
2026-05-31,Delhi,2
2026-05-31,Bengaluru,2
2026-06-01,Mumbai,3
2026-06-01,Pune,2
2026-06-01,Delhi,2
2026-06-01,Bengaluru,2
2026-06-02,Mumbai,2
2026-06-02,Pune,2
2026-06-02,Delhi,2
2026-06-02,Bengaluru,3
2026-06-03,Mumbai,2
2026-06-03,Pune,2
2026-06-03,Delhi,2
2026-06-03,Bengaluru,2
2026-06-04,Mumbai,2
2026-06-04,Pune,2
2026-06-04,Delhi,2
2026-06-04,Bengaluru,2
2026-06-05,Mumbai,4
2026-06-05,Pune,2
2026-06-05,Delhi,2
2026-06-05,Bengaluru,2
2026-06-06,Mumbai,2
2026-06-06,Pune,2
2026-06-06,Delhi,2
2026-06-06,Bengaluru,2
2026-06-07,Mumbai,2
2026-06-07,Pune,2
2026-06-07,Delhi,2
2026-06-07,Bengaluru,2
2026-06-08,Mumbai,2
2026-06-08,Pune,2
2026-06-08,Delhi,2
2026-06-08,Bengaluru,2
2026-06-09,Mumbai,4
2026-06-09,Pune,2
2026-06-09,Delhi,2
2026-06-09,Bengaluru,2
2026-06-10,Mumbai,2
2026-06-10,Pune,2
2026-06-10,Delhi,2
2026-06-10,Bengaluru,2
2026-06-11,Mumbai,3
2026-06-11,Pune,2
2026-06-11,Delhi,2
2026-06-11,Bengaluru,4
2026-06-12,Mumbai,4
2026-06-12,Pune,2
2026-06-12,Delhi,2
2026-06-12,Bengaluru,2
2026-06-13,Mumbai,2
2026-06-13,Pune,2
2026-06-13,Delhi,2
2026-06-13,Bengaluru,2
2026-06-14,Mumbai,2
2026-06-14,Pune,2
2026-06-14,Delhi,2
2026-06-14,Bengaluru,2
2026-06-15,Mumbai,2
2026-06-15,Pune,3
2026-06-15,Delhi,3
2026-06-15,Bengaluru,2
2026-06-16,Mumbai,2
2026-06-16,Pune,2
2026-06-16,Delhi,2
2026-06-16,Bengaluru,2
2026-06-17,Mumbai,2
2026-06-17,Pune,2
2026-06-17,Delhi,2
2026-06-17,Bengaluru,2
2026-06-18,Mumbai,4
2026-06-18,Pune,2
2026-06-18,Delhi,2
2026-06-18,Bengaluru,2
2026-06-19,Mumbai,2
2026-06-19,Pune,2
2026-06-19,Delhi,2
2026-06-19,Bengaluru,2
2026-06-20,Mumbai,2
2026-06-20,Pune,2
2026-06-20,Delhi,2
2026-06-20,Bengaluru,2
2026-06-21,Mumbai,2
2026-06-21,Pune,2
2026-06-21,Delhi,2
2026-06-21,Bengaluru,2
2026-06-22,Mumbai,2
2026-06-22,Pune,2
2026-06-22,Delhi,2
2026-06-22,Bengaluru,3
2026-06-23,Mumbai,3
2026-06-23,Pune,2
2026-06-23,Delhi,3
2026-06-23,Bengaluru,2
2026-06-24,Mumbai,2
2026-06-24,Pune,2
2026-06-24,Delhi,2
2026-06-24,Bengaluru,2
2026-06-25,Mumbai,3
2026-06-25,Pune,2
2026-06-25,Delhi,2
2026-06-25,Bengaluru,2
2026-06-26,Mumbai,2
2026-06-26,Pune,2
2026-06-26,Delhi,2
2026-06-26,Bengaluru,2
2026-06-27,Mumbai,3
2026-06-27,Pune,2
2026-06-27,Delhi,2
2026-06-27,Bengaluru,2
2026-06-28,Mumbai,2
2026-06-28,Pune,2
2026-06-28,Delhi,2
2026-06-28,Bengaluru,2
2026-06-29,Mumbai,3
2026-06-29,Pune,2
2026-06-29,Delhi,2
2026-06-29,Bengaluru,2
2026-06-30,Mumbai,2
2026-06-30,Pune,2
2026-06-30,Delhi,2
2026-06-30,Bengaluru,2
